{"cameraMode":{"drawMode":0,"name":"Shaded","section":"Shading Mode"},"sceneLighting":true,"audioPlay":false,"sceneViewState":{"m_AlwaysRefresh":false,"showFog":true,"showSkybox":true,"showFlares":true,"showImageEffects":true,"showParticleSystems":true,"showVisualEffectGraphs":true,"m_FxEnabled":true},"in2DMode":false,"pivot":{"x":61.60688781738281,"y":110.85987854003906,"z":-216.31219482421876},"rotation":{"x":0.04425560310482979,"y":0.6413800716400147,"z":-0.042502548545598987,"w":0.7659581899642944},"size":2.446194648742676,"orthographic":false}